{
  "project_info": {
    "project_number": "973899893501",
    "project_id": "codehub-acbf1",
    "storage_bucket": "codehub-acbf1.appspot.com"
  },
  "client": [
    {
      "client_info": {
        "mobilesdk_app_id": "1:973899893501:android:320582c5ec4a8693128c94",
        "android_client_info": {
          "package_name": "com.example.codehub"
        }
      },
      "oauth_client": [
        {
          "client_id": "973899893501-4klktep79dttofuheqstdg4nq25h6gb9.apps.googleusercontent.com",
          "client_type": 3
        }
      ],
      "api_key": [
        {
          "current_key": "AIzaSyAVkiec39gqohohCi5JPiMs1b7kuu9udNY"
        }
      ],
      "services": {
        "appinvite_service": {
          "other_platform_oauth_client": [
            {
              "client_id": "973899893501-4klktep79dttofuheqstdg4nq25h6gb9.apps.googleusercontent.com",
              "client_type": 3
            }
          ]
        }
      }
    }
  ],
  "configuration_version": "1"
}